OBJECTID,name,introduction,difficulty,bikingTime,hasAlerts,introductionThumbnail,mountainBikingTrackWebPage,dateLoadedToGIS,Shape__Length
119331,Globe Hill Track,This track is for both trampers and mountain bikers. It connects the Reefton township with the Globe Progress Mine site.,Intermediate,3 hr,Refer to DOC website for current alerts,https://www.doc.govt.nz/thumbs/large/link/7b60701b3c724f79aeaaf80a20c31ce4.aspx,https://www.doc.govt.nz/link/8389b924f1ff45819636d10b82677207.aspx,12/2/2025 8:41:20 AM,9215.15772592821
119332,Union Creek Track,Visit Union Creek rock stack. A landform that consists of excess rock from mining operations. It's contoured and planted with native vegetation to mimic the surrounding landscape.,Advanced,1 hr,Refer to DOC website for current alerts,https://www.doc.govt.nz/thumbs/large/link/2f8d7d1a42e348fba745c1f12ff03853.aspx,https://www.doc.govt.nz/link/ed2b5906dce04478901d924dc9937173.aspx,12/2/2025 8:41:20 AM,1802.20816377732
119333,Glen Dene Ridge Track,Cross the undulating skyline ridge on Glen Dene Ridge Track.,Expert,,Refer to DOC website for current alerts,https://www.doc.govt.nz/thumbs/large/link/9442d184db20432b9fa6383e06a1c0a6.aspx,https://www.doc.govt.nz/link/00b6f33d80454259aaea0efdeb8434c8.aspx,12/2/2025 8:41:19 AM,11495.0556029592
119334,Rameka Track,This intermediate mountain bike track can be accessed from near the Canaan Downs car park.,Intermediate,1 hr,Refer to DOC website for current alerts,https://www.doc.govt.nz/images/no-photo/no-photo-220x140.jpg,https://www.doc.govt.nz/link/143eaf33e95f49caae15545432397771.aspx,12/2/2025 8:41:19 AM,5996.13557859221
119335,Gold Creek Loop,This easy mountain bike track can be accessed from the Canaan Downs car park.,Easy,30 min,Refer to DOC website for current alerts,https://www.doc.govt.nz/images/no-photo/no-photo-220x140.jpg,https://www.doc.govt.nz/link/64c86ff64c3d41d6a85ae8cff3f1d884.aspx,12/2/2025 8:41:19 AM,4606.65287477625
119336,Canaan Big Loop Bike Track,This advanced mountain bike track can be accessed from the Canaan Downs car park.,Advanced,30 min - 4 hrs,Refer to DOC website for current alerts,https://www.doc.govt.nz/images/no-photo/no-photo-220x140.jpg,https://www.doc.govt.nz/link/4b408bae64d043fa86049d55de997cfd.aspx,12/2/2025 8:41:19 AM,10755.2703898732
119337,Te Ara o Mahurangi mountain biking track,"Part of the Te Apiti – Manawatu Gorge network of tracks, Te Ara o Mahurangi is an exciting downhill mountain bike trail. This intermediate level trail takes riders on a fast-paced downhill ride through 2 km of native bush.",Intermediate,30 min ,Refer to DOC website for current alerts,https://www.doc.govt.nz/thumbs/large/link/4d4f0c5daf87453fbaf10bca5a7fe51f.jpg,https://www.doc.govt.nz/link/efa8ab9a47ce414199cf5244b27c1576.aspx,12/2/2025 8:41:19 AM,1901.80647960069
119338,Melina Ridge Track ,This is a classic mountain bike ride located in lower Ahuriri valley. ,Expert,6 - 8 hr,Refer to DOC website for current alerts,https://www.doc.govt.nz/thumbs/large/link/5622a488e0964af286667bac9def27f7.jpg,https://www.doc.govt.nz/link/f1b498dcd0ae4d34a0aad5a49c0259f3.aspx,12/2/2025 8:41:19 AM,35792.7179260801
119339,Berwen Track,This track crosses private farmland and links the East Manuherikia 4WD Track with the Hawkdun Range.,Advanced,,Refer to DOC website for current alerts,https://www.doc.govt.nz/images/no-photo/no-photo-220x140.jpg,https://www.doc.govt.nz/link/17a1fb3de997489f84ea731b8c1fc97a.aspx,12/2/2025 8:41:18 AM,5403.01040367074
119340,Mount Ida Water Race Track,This track follows a water race which is still in use. It has great views of the St Bathans basin and Falls Dam valley. The track is overgrown with sections of long grass and washouts.,Intermediate,,Refer to DOC website for current alerts,https://www.doc.govt.nz/images/no-photo/no-photo-220x140.jpg,https://www.doc.govt.nz/link/300dd49025c647778a0064bde3e22cf0.aspx,12/2/2025 8:41:18 AM,18367.4807171034
119341,Homestead Track,This short track that follows an old water race.,Intermediate,,Refer to DOC website for current alerts,https://www.doc.govt.nz/images/no-photo/no-photo-220x140.jpg,https://www.doc.govt.nz/link/b96e84dae1b74446bca6114c9906a02e.aspx,12/2/2025 8:41:18 AM,1677.90817292611
119342,Otamatapaio River easement,This easement leads to Manuherkia hunting area and Otamatapaio Hut.,Advanced,,Refer to DOC website for current alerts,https://www.doc.govt.nz/thumbs/large/link/d303d0ee2a7844e383e9588da551a67b.aspx,https://www.doc.govt.nz/link/b8fa9d16e2ec4346b580f28398acb84d.aspx,12/2/2025 8:41:18 AM,10487.1824815125
119343,Saddle Ridge Track,A rough and steep track that links the West and East Manuherikia 4WD Tracks. There are spectacular views of Aoraki Mount Cook.,Advanced,,Refer to DOC website for current alerts,https://www.doc.govt.nz/images/no-photo/no-photo-220x140.jpg,https://www.doc.govt.nz/link/4425ab5f7d19452391180c361cea3809.aspx,12/2/2025 8:41:18 AM,10487.1824815125
119344,Mutton Creek Track,This track links the lower sections of the West and East Manuherikia 4WD Tracks.,Advanced,,Refer to DOC website for current alerts,https://www.doc.govt.nz/images/no-photo/no-photo-220x140.jpg,https://www.doc.govt.nz/link/ae225693672442ab86eb5d2056c33b7c.aspx,12/2/2025 8:41:17 AM,5495.97586493514
119345,Dog Gully Route,This marked route provides access from Otamatapaio Track up Dog Gully. The track is very steep and rough.,Expert,,Refer to DOC website for current alerts,https://www.doc.govt.nz/images/no-photo/no-photo-220x140.jpg,https://www.doc.govt.nz/link/90520504964a48a8b64bf6eb736d3850.aspx,12/2/2025 8:41:17 AM,5397.78728457391
119346,Te Ara Mangawhero,Mountain bike through the Tongariro National Park including parts of historic tramways.,Easy,2 + hours,Refer to DOC website for current alerts,https://www.doc.govt.nz/thumbs/large/link/3b274d748b804a41a9f5370e04a9719c.aspx,https://www.doc.govt.nz/link/bf1824a670534905b7aabe9a7da54ab0.aspx,12/2/2025 8:41:17 AM,6612.90015836277
119347,Manuka Hut Track,Walk or mountain bike from Lake Emily to Manuka Hut.,Advanced,,Refer to DOC website for current alerts,https://www.doc.govt.nz/thumbs/large/link/06978d35597641228c434e61040a962e.aspx,https://www.doc.govt.nz/link/bc787326426b4d4db4f38b59902bde59.aspx,12/2/2025 8:41:17 AM,11992.3856651296
119348,Stour Track,Walk or mountain bike on this track beside the Stour River.,Advanced,,Refer to DOC website for current alerts,https://www.doc.govt.nz/thumbs/large/link/68df766c7c084c11a2bc456bd215f0e9.aspx,https://www.doc.govt.nz/link/4b2e46ed955c4419855c6d902aa462db.aspx,12/2/2025 8:41:17 AM,14177.2809927313
119349,Urchin Campsite to Pillars of Hercules,A family friendly short walk starting from Urchin Campsite at the end of Kaimanawa Road.,Intermediate,15 m,Refer to DOC website for current alerts,https://www.doc.govt.nz/thumbs/large/link/9f52d2cf41ad4560be2380a95e206ca7.jpg,https://www.doc.govt.nz/link/93792ad19f0f4732b8a087f15178c090.aspx,12/2/2025 8:41:17 AM,1338.2951073385
119350,Pūponga Hilltop Walk,"A day walk with fantastic coastal views. Ending at the beautiful Wharariki Beach, the track travels past the Pillar Point Lighthouse and Cape Farewell.",Intermediate,,Refer to DOC website for current alerts,https://www.doc.govt.nz/thumbs/large/link/ef383e0106234347a61a88b7fd517370.aspx,https://www.doc.govt.nz/link/4fa45d10fe8649a79f3219a7833251ce.aspx,12/2/2025 8:41:17 AM,7897.1405516755
119351,Pillar Point Lighthouse Track,A walking and mountain biking track to Pillar Point Lighthouse.,Easy,,Refer to DOC website for current alerts,https://www.doc.govt.nz/thumbs/large/link/1ff7176a3ab549ceab222e2fc3390e50.aspx,https://www.doc.govt.nz/link/50ab05f027c24ec785581ff2977b4c54.aspx,12/2/2025 8:41:16 AM,1062.31178372176
119352,Pūponga Farm Track / Green Hills Route,"Superb farmland, lakes, cliffs and wind-carved moorlands are features of this track.",Intermediate,,Refer to DOC website for current alerts,https://www.doc.govt.nz/thumbs/large/link/854b6af2766c42a1b46d84a58863df26.aspx,https://www.doc.govt.nz/link/69b7456b3e3448dfbbb13cd97eb36783.aspx,12/2/2025 8:41:16 AM,6361.36601470784
119353,Black Jack Track,A loop track in Pukatea/Whites Bay with views of Cook Strait.,"Intermediate, Advanced",,Refer to DOC website for current alerts,https://www.doc.govt.nz/thumbs/large/link/1cab67f9122c4e059ec66d013a82d478.aspx,https://www.doc.govt.nz/link/3a227ca5082e45dd83275db8809a77ce.aspx,12/2/2025 8:41:16 AM,3700.10839680855
119354,Hotoritori mountain bike trails,Riders of all ages can explore this network of trails through native and pine forest. Experienced riders can opt to extend their rides by combining multiple trail loops.,"Easy, Intermediate",25 min +,Refer to DOC website for current alerts,https://www.doc.govt.nz/thumbs/large/link/969e0e5733a146e5a22d013a13266405.jpg,https://www.doc.govt.nz/link/45be56ed1a2e42a28efa27aa842ed96b.aspx,12/2/2025 8:41:16 AM,13420.4349939542
119355,Kirtle Burn Track,"Kirtle Burn Track starts at the Western side of the Pisa Conservation Area, accessing Kirtle Burn Hut, and giving access to Mt Pisa.",Intermediate,3 hr return,Refer to DOC website for current alerts,https://www.doc.govt.nz/thumbs/large/link/862cca54ca0e41d7b89fc39ca6ae9069.aspx,https://www.doc.govt.nz/link/74cdb6aaa8224137ad147108b59899e0.aspx,12/2/2025 8:41:16 AM,12212.9766543429
119356,Pisa Range Ridge Track,Access Mt Pisa and other Pisa Conservation Area tracks.,Advanced,,Refer to DOC website for current alerts,https://www.doc.govt.nz/thumbs/large/link/63c844fe5dab453b85d0a2089a1e4bac.aspx,https://www.doc.govt.nz/link/0e4b10bda463415d906c529238268484.aspx,12/2/2025 8:41:16 AM,29238.6762054389
119357,Pike29 Memorial Track,This track has been dedicated to the 29 men killed in the Pike Mine disaster and is named in their honour.,Advanced,3 hr 30 min-4 hr uphill | 1-2 hr downhill,Refer to DOC website for current alerts,https://www.doc.govt.nz/thumbs/large/link/b14e6f2514174535bb1837786cc00c7a.aspx,https://www.doc.govt.nz/link/b42bfa18a80e43a693ddf6beee3e8bf1.aspx,12/2/2025 8:41:16 AM,10624.8713035859
119358,Cockayne Alley Track,This track links Dracophyllum Flat Track with Cheeseman Road.,Expert,,Refer to DOC website for current alerts,https://www.doc.govt.nz/images/no-photo/no-photo-220x140.jpg,https://www.doc.govt.nz/link/7c74249fb50d4b329276393ecd17da42.aspx,12/2/2025 8:41:15 AM,3158.76704300028
119359,Cuckoo Creek Track,This shared-use track links Dracophyllum Flat Track with Cheeseman Road.,Advanced,,Refer to DOC website for current alerts,https://www.doc.govt.nz/thumbs/large/link/eeee4acafa724f3aa848543f9d6d951e.aspx,https://www.doc.govt.nz/link/df973014c4b74394b00a23d6c7b87f26.aspx,12/2/2025 8:41:15 AM,1502.2205813009
119360,Dracophyllum Flat Track,"This track leads from Jacks Pass to Dracophyllum Flat, a popular picnic spot, then on to Texas Flat",Intermediate,,Refer to DOC website for current alerts,https://www.doc.govt.nz/thumbs/large/link/b94f90442f5c4e5889d12ea85a81613e.aspx,https://www.doc.govt.nz/link/cb7132e686f24d5daf5d888038c5dd55.aspx,12/2/2025 8:41:15 AM,5801.89853276702
119361,Craigieburn Edge Track,"This track follows the Craigieburn Valley through mountain beech forest and tussock. It is best walked in summer and early autumn, as there can be avalanches when snow is present on the hills.",Advanced,,Refer to DOC website for current alerts,https://www.doc.govt.nz/thumbs/large/link/3b69c279a61e4416b437178d11fcdc5d.aspx,https://www.doc.govt.nz/link/04f6240139f94a7fa21f44c5edc129e2.aspx,12/2/2025 8:41:15 AM,4393.12666696945
119362,The Luge Track,"This track links the Broken River and Craigieburn valleys, via Lyndon Saddle.",Intermediate,,Refer to DOC website for current alerts,https://www.doc.govt.nz/thumbs/large/link/a4c32d1a8f28426189cf9651b06693b7.aspx,https://www.doc.govt.nz/link/fc4092bddc8a45c1aade68c27447ff26.aspx,12/2/2025 8:41:15 AM,3035.64670345951
119363,Hogs Back Track (Easy Up Track and Descent Track),This walking and biking track leads from Castle Hill Village to Texas Flat / Mt Cheeseman Road.,Intermediate,,Refer to DOC website for current alerts,https://www.doc.govt.nz/thumbs/large/link/925520314c0949e391993ed8f368fe1f.aspx,https://www.doc.govt.nz/link/64f786270a364c39811d448eaa089340.aspx,12/2/2025 8:41:15 AM,10446.2051980925
119364,Craigieburn Sidle 73 Track,This track connects Craigieburn picnic area with the Craigieburn ski field access road.,Intermediate,,Refer to DOC website for current alerts,https://www.doc.govt.nz/thumbs/large/link/9fa02ce92b424c349d41a867db4a56ea.aspx,https://www.doc.govt.nz/link/d680d6a424b54c719935514216630d50.aspx,12/2/2025 8:41:15 AM,1012.7790852557
119365,Coal Pit Spur Track,"This shared-use track links Craigieburn valley and Flock Hill, via Coal Pit Spur.",Intermediate,,Refer to DOC website for current alerts,https://www.doc.govt.nz/thumbs/large/link/9a8d9baf5c1e40f68fd582ca69efcc3b.aspx,https://www.doc.govt.nz/link/cb4d32bd61c1424790e4fe3697058bcf.aspx,12/2/2025 8:41:14 AM,4127.18074264392
119366,Thomas River Track,From the Water Intake Road to Castle Hill Village,Intermediate,,Refer to DOC website for current alerts,https://www.doc.govt.nz/thumbs/large/link/5131571fae3340b4806b73c61ceef923.aspx,https://www.doc.govt.nz/link/b913c9822fe048e28e17a10fdd2b0e2c.aspx,12/2/2025 8:41:14 AM,1364.36200681567
119367,Kōkako Track,Walk from Haast Township through spectacular native forest down to Haast Beach.,Easiest,1 hr return,Refer to DOC website for current alerts,https://www.doc.govt.nz/thumbs/large/link/c7cd0b023eee473e95da2a276f08dd7c.aspx,https://www.doc.govt.nz/link/b163e3f0f8f34731bb7e86094743ab50.aspx,12/2/2025 8:41:14 AM,5154.07932206441
119368,Mt Fyffe Hut/Kowhai Saddle Route,There are superb views from Mt Fyffe. You can climb or mountain bike the steep track to the summit or go as far as Mt Fyffe Hut.,Advanced,,Refer to DOC website for current alerts,https://www.doc.govt.nz/thumbs/large/link/06f54a2c97e3462e87f2225cb85ef6b3.aspx,https://www.doc.govt.nz/link/fe02f02756bb43fbaf3ea7c34209bcbb.aspx,12/2/2025 8:41:14 AM,8950.79488047556
119369,Reefton - Big River 4WD road,This track through beech forest and mining sites is only suitable for walkers or experienced mountain bikers and four-wheel drivers.,Advanced,,Refer to DOC website for current alerts,https://www.doc.govt.nz/images/no-photo/no-photo-220x140.jpg,https://www.doc.govt.nz/link/f027f550162f4d67820c804ea19f98b6.aspx,12/2/2025 8:41:13 AM,20292.8409380509
119370,Lankey Creek Tram Track,Walk on an old tram line to an enchanted forest.,Advanced,,Refer to DOC website for current alerts,https://www.doc.govt.nz/images/no-photo/no-photo-220x140.jpg,https://www.doc.govt.nz/link/9a2b85f0d1f3491697931a336c5817e3.aspx,12/2/2025 8:41:13 AM,2760.81736057881
119371,Waiuta to Big River Track,Walk or mountain bike an old benched pack track past old mining sites to Big River Hut.,Advanced,,Refer to DOC website for current alerts,https://www.doc.govt.nz/thumbs/large/link/d4661df9c0464510a5440017ab188460.aspx,https://www.doc.govt.nz/link/4a98cb25cca9478fb242ba9b5bb1d5ce.aspx,12/2/2025 8:41:13 AM,10181.3163697537
119372,Murray Creek Track,Walk or mountain bike this loop walk through beech forest and historic goldfields.,"Intermediate, Advanced",,Refer to DOC website for current alerts,https://www.doc.govt.nz/thumbs/large/link/732af0b8e5674173975ae948818fb87a.aspx,https://www.doc.govt.nz/link/c221755d8f7c4ef5920be49c125d2e9b.aspx,12/2/2025 8:41:13 AM,9822.1196809588
119373,Rhoboro Track,Climb along Darts Bush Stream.,Easy,,Refer to DOC website for current alerts,https://www.doc.govt.nz/images/no-photo/no-photo-220x140.jpg,https://www.doc.govt.nz/link/e07537a2d43e440fa136892fb18ee148.aspx,12/2/2025 8:41:13 AM,9766.08681756384
119374,Flanagan Pass Trail,A link track from the Greta Stream Track which crosses Flanagan Pass and connects to the Pyramid Track at Darts Bush Stream. It is also possible to 4 wheel drive to Dorcy Airstrip and walk to the Pass from there.,Easy,4 hr,Refer to DOC website for current alerts,https://www.doc.govt.nz/thumbs/large/link/42c639a3cb91406793f3142adaf210b4.aspx,https://www.doc.govt.nz/link/40cb9440a79b40219bc6067640c1c9d1.aspx,12/2/2025 8:41:13 AM,11493.1221231728
119375,Dusky Trail,Trace the Fraser Stream into the foot of the  Ben Ohau Range then traverse the Old Dusky Block to follow the Gladstone and Twizel rivers back out to the Mt Cook Highway.,Easy,3-4 hr,Refer to DOC website for current alerts,https://www.doc.govt.nz/images/no-photo/no-photo-220x140.jpg,https://www.doc.govt.nz/link/d1b5cb90c7b34139aae58a7dfb157125.aspx,12/2/2025 8:41:12 AM,23128.7426441147
119376,Blowhard Track,"You can walk or mountain bike up to Mt Richardson Trig on this track.  Motorised vehicles, including motorbikes, are not permitted.",Advanced,,Refer to DOC website for current alerts,https://www.doc.govt.nz/thumbs/large/link/17130dceb8c94490b79b877698c01b71.aspx,https://www.doc.govt.nz/link/77226813f4a14e7a813907d74d3a817d.aspx,12/2/2025 8:41:12 AM,9508.31143423809
119377,Bypass Track,This track links Richardson and Blowhard tracks.,Advanced,3 hr one way,Refer to DOC website for current alerts,https://www.doc.govt.nz/images/no-photo/no-photo-220x140.jpg,https://www.doc.govt.nz/link/35769dcc8ff2452b98f0ef17fd9959ef.aspx,12/2/2025 8:41:12 AM,2829.19279839811
119378,Potts Hut Track,A track to Potts Hut through tussock-covered terraces.,Intermediate,,Refer to DOC website for current alerts,https://www.doc.govt.nz/thumbs/large/link/7ffd90f92797476abaca61e06390e034.aspx,https://www.doc.govt.nz/link/ffb18152ed7347ff87f14fce6a1faec8.aspx,12/2/2025 8:41:12 AM,14466.5915102272
119379,Buicks Bridge to Potts Bridge Track,Travel from the South Branch Ashburton River to the Potts River via Lake Clearwater. This track is part of Te Araroa - New Zealand's trail.,Easy,,Refer to DOC website for current alerts,https://www.doc.govt.nz/images/no-photo/no-photo-220x140.jpg,https://www.doc.govt.nz/link/2d14b746f1f94ec7a453058fb8f18f65.aspx,12/2/2025 8:41:12 AM,21327.8772102712
119380,Mystery Lake Track,"The area around Mystery Lake has steep rocky ‘knobs’ smoothed by passing glaciers, jumbled scree and large Hall’s tōtara.",Easy,,Refer to DOC website for current alerts,https://www.doc.govt.nz/thumbs/large/link/7e2b2fe6acb8450282ad166f9322edf4.aspx,https://www.doc.govt.nz/link/6cb119d37ffc4733933563f1e1849838.aspx,12/2/2025 8:41:12 AM,11433.7196300129
119381,Huka Falls to Aratiatia Rapids Track,Several times a day the gates at the Aratiatia dam are opened to release the full flow of the river - a spectacular sight from the lookout points. Stay safe and keep clear of the rapids at all times.,Easy,45 min,Refer to DOC website for current alerts,https://www.doc.govt.nz/thumbs/large/link/6a0ec79d2971473490377f12f144f2b2.jpg,https://www.doc.govt.nz/link/7d8f2be1b976470f9ab0da5dbbd7e3ce.aspx,12/2/2025 8:41:12 AM,6212.06284967556
119382,Peregrine Loop Track,The Peregrine Loop Track is a walking and mountain biking track with excellent views of Kawarau Gorge and goldmining heritage sites.,"Advanced, Expert",,Refer to DOC website for current alerts,https://www.doc.govt.nz/thumbs/large/link/a614cba434cc4184856da1e362f08f5c.aspx,https://www.doc.govt.nz/link/f647f2efa41941668ce7f4ca069e08d6.aspx,12/2/2025 8:41:11 AM,10808.6211630131
119383,Flat Top Hill Tramping Track,"This loop track is an extension of the Basin View Tramping Track. It has a 300 m climb 
with extensive views.",Advanced,2 hr,Refer to DOC website for current alerts,https://www.doc.govt.nz/thumbs/large/link/f616029f9b5d4bb3b328cff488414e11.aspx,https://www.doc.govt.nz/link/e9a6e6d1872149b29492f8d5b2ae57b1.aspx,12/2/2025 8:41:11 AM,5666.11921973844
119384,Cairnmuir Hill Track,An all-day walk from Clyde to Bannockburn over the crest of the Cairnmuir Mountains.,Advanced,,Refer to DOC website for current alerts,https://www.doc.govt.nz/thumbs/large/link/498cb6ccb1d04173a6ffdd10ba19f6a9.aspx,https://www.doc.govt.nz/link/f3d4163940114fc59748f0bc2dd13912.aspx,12/2/2025 8:41:11 AM,20606.9976574436
119385,Hikuwai Link Track,"A popular, gently-graded link track that connects Gunn Road with the Outlet Track.",Easy,,Refer to DOC website for current alerts,https://www.doc.govt.nz/images/no-photo/no-photo-220x140.jpg,https://www.doc.govt.nz/link/edc7868dccd54d4e8252c772ee0c4d3c.aspx,12/2/2025 8:41:11 AM,613.201910393911
119386,Outlet Track,A picturesque riverside walk along the Clutha River/Mata-Au. This track is part of Te Araroa Trail.,Easy,,Refer to DOC website for current alerts,https://www.doc.govt.nz/thumbs/large/link/7a98fd35b3cd4991b900d0e8addc514a.aspx,https://www.doc.govt.nz/link/e39fa97d0a2e4f3bbdd5f49d51a4193d.aspx,12/2/2025 8:41:11 AM,3106.41022359002
119387,Prospect Hill Track,"From this track on a clear day you can see the Manuherikia basin, the Old Woman, Dunstan and Raggedy ranges.",Advanced,3–4 hrs,Refer to DOC website for current alerts,https://www.doc.govt.nz/thumbs/large/link/437ad985572f43208accecf2f86a8d71.aspx,https://www.doc.govt.nz/link/b41d83cd0dda40a69432d55630ad9896.aspx,12/2/2025 8:41:11 AM,10059.5683993547
119388,Omeo Gully Track,"Omeo Gully Track goes through one of Otago’s highest, most isolated gold fields. View distinctive gold workings on high sluice faces, deeply riveted tail races, tall stacked tailings and the remains of dwellings.",Expert,,Refer to DOC website for current alerts,https://www.doc.govt.nz/thumbs/large/link/b04e623bdcf4459a9a5af76920b9ec51.aspx,https://www.doc.govt.nz/link/7f258dfa31304a46babe0c3dea519c24.aspx,12/2/2025 8:41:10 AM,9270.14149390273
119389,Kopuwai Track to Sisters Track,"Centred in the heart of the Kopuwai Conservation Area, this track follows along the rolling tops of the Old Man Range.",Advanced,1 hr 30 min one way,Refer to DOC website for current alerts,https://www.doc.govt.nz/thumbs/large/link/04824c563ebc44cc8cf147eb30e827cd.aspx,https://www.doc.govt.nz/link/29e10240db26428bab0c680fdd17b7ff.aspx,12/2/2025 8:41:10 AM,7713.03081656606
119390,Obelisk Loop Track,"This loop starts from the highest point on the range at Kopuwai. On a good day, you can see as far out as Rakiura/Stewart Island, Aoraki/Mt Cook, and Mt Aspiring/Tititea.",Advanced,2 to 3 hr,Refer to DOC website for current alerts,https://www.doc.govt.nz/thumbs/large/link/a95fc154b23e402c84c828aa7922ad27.aspx,https://www.doc.govt.nz/link/7e3878d5a71f4d4a93692ee12950c347.aspx,12/2/2025 8:41:10 AM,9807.02740878724
119391,The Sisters Track,"Tramp through herb fields and snow tussock while enjoying great views of the Alexandra basin, Old Woman Range and The Remarkables Mountain range.",Advanced,,Refer to DOC website for current alerts,https://www.doc.govt.nz/images/no-photo/no-photo-220x140.jpg,https://www.doc.govt.nz/link/cef4cf62504240f594d8e1a36767e5eb.aspx,12/2/2025 8:41:10 AM,4060.57311367296
119392,Hāwea River Track,"Suitable for all ages and experience levels, this gentle riverside track links Albert Town to Hāwea. This track is part of Te Araroa Trail.",Easy,,Refer to DOC website for current alerts,https://www.doc.govt.nz/thumbs/large/link/99a100a9ae994b4db91fee4b0f0bc582.aspx,https://www.doc.govt.nz/link/c30efd97d798400abc217bf68d270291.aspx,12/2/2025 8:41:10 AM,5332.37197658115
119393,"Potters No. 2 Tramping Track, Huts to Grave",This is a short tramping track through the protected historic site in the impressive landscape of the Campbell Creek catchment.,Intermediate,1 hr return,Refer to DOC website for current alerts,https://www.doc.govt.nz/thumbs/large/link/418aa7fc92ce4ae493c503a2f3b2e707.aspx,https://www.doc.govt.nz/link/476cc1ae6dcd4e81bace0ee7b0468765.aspx,12/2/2025 8:41:09 AM,1305.30646059804
119394,Luggate Creek Track,"This short, easy amble leads from Luggate township down to the Clutha River.",Easy,,Refer to DOC website for current alerts,https://www.doc.govt.nz/thumbs/large/link/d5cb34d08cab4cf3b25929cd795058f5.aspx,https://www.doc.govt.nz/link/1a92c8f77e4d4415bedcca17549b6461.aspx,12/2/2025 8:41:09 AM,947.11123780136
119395,Nicholsons Track,This short track takes you from the top of Symes Road through beautiful tussock country to Nicholson Hut.,Advanced,1 hr return,Refer to DOC website for current alerts,https://www.doc.govt.nz/thumbs/large/link/54af4a7b11254aeba502b728823b8860.aspx,https://www.doc.govt.nz/link/612be1935cb047148adc219cf27fc0cd.aspx,12/2/2025 8:41:09 AM,2666.27676512249
119396,Rockvale Track,The northernmost access track to the Rock and Pillar Conservation Area.,Advanced,,Refer to DOC website for current alerts,https://www.doc.govt.nz/images/no-photo/no-photo-220x140.jpg,https://www.doc.govt.nz/link/3cadadb5ffae495285085e54c293fcf6.aspx,12/2/2025 8:41:09 AM,4572.3923803743
119397,Stonehurst Track,Go up and over the Rock and Pillar Range.,Advanced,,Refer to DOC website for current alerts,https://www.doc.govt.nz/thumbs/large/link/eda55647f6b24f82a92e4ecfeda68eb0.aspx,https://www.doc.govt.nz/link/63db06c283484662bb968e4bbafd2f1f.aspx,12/2/2025 8:41:09 AM,13458.5036609076
119398,Newcastle Track,Suitable for biking and walking this track follows the true left of the Clutha River from Hāwea River swing bridge to Kane Road.,Intermediate,,Refer to DOC website for current alerts,https://www.doc.govt.nz/thumbs/large/link/bc6052d1c403462699cabd7c4cf5ce61.jpg,https://www.doc.govt.nz/link/6e14c2d3d624487b97ba19b4d0434757.aspx,12/2/2025 8:41:08 AM,13564.7206318042
119399,Little Criffel Track,This track is in the Pisa Conservation Area which lies between Wānaka and Cromwell.,Advanced,,Refer to DOC website for current alerts,https://www.doc.govt.nz/thumbs/large/link/31884c4fe55541838f561984ff43e522.jpg,https://www.doc.govt.nz/link/8b5039f6d6c846a5832de6a08cf45a95.aspx,12/2/2025 8:41:08 AM,16768.7366603493
119400,Pukaki Flats walk,The Pukaki Flats walk goes over an open block of hard tussock grasslands just north of Twizel. This track is part of Te Araroa Trail.,Easy,1 hr,Refer to DOC website for current alerts,https://www.doc.govt.nz/thumbs/large/link/51e2fc0855db47f499bfdbe059a5bb49.aspx,https://www.doc.govt.nz/link/5ac09d60fae2463e95cb4567b737405b.aspx,12/2/2025 8:41:08 AM,8402.30766622041
119401,Greta Track,Pass by fellfields (blocky scree) and short rock bluffs above Gretas Stream. This track is close to Lake Ōhau.,Advanced,4 to 5 hrs,Refer to DOC website for current alerts,https://www.doc.govt.nz/thumbs/large/link/719f346267d2499a909023732eb20894.aspx,https://www.doc.govt.nz/link/d93c2588da974f0399ab56c34cf7d7aa.aspx,12/2/2025 8:41:08 AM,15637.8633422152
119402,Maunga Kākaramea Loop,Ride through a geothermal field with this series of tracks that connect to form a mountain biking loop.,"Easy, Advanced",3.5 hours,Refer to DOC website for current alerts,https://www.doc.govt.nz/thumbs/large/link/d78c8bfe44944c19be3e273e374178c0.aspx,https://www.doc.govt.nz/link/fd13ae10c8614c86a1ffa14c96f47152.aspx,12/2/2025 8:41:08 AM,6269.12684789679
119403,Cowans Hill Track,"The track passes through exotic forest, open tussock country and past small tarns where wetland birds may stop to feed. It is suitable for walkers and mountain bikers.",Easy,1 hr,Refer to DOC website for current alerts,https://www.doc.govt.nz/thumbs/large/link/70aa8ad4a7f84bb9a1d9cbde545fea02.aspx,https://www.doc.govt.nz/link/4c6f469435f14bf4b4decd01806079c1.aspx,12/2/2025 8:41:08 AM,3289.02995923239
119404,Tenahaun Conservation Area tramping tracks,The Tenahaun Conservation Area includes walks in the Moorhouse Range and Rangitata Gorge. The Moorhouse Range can be mountain biked along the easement only.,Intermediate,,Refer to DOC website for current alerts,https://www.doc.govt.nz/thumbs/large/link/6b8ea6c5126b47308dab6031fdc0d177.aspx,https://www.doc.govt.nz/link/f5bd0d12adee463c8770d0205e31cd0d.aspx,12/2/2025 8:41:07 AM,13485.9578970234
119405,Tarnbrae Track A2O,"Traverse glacial terraces through Freehold Creek beech forest. Part of the Alps 2 Ocean (A2O) Cycle Trail, the high point on this track and offers fabulous views of Lake Ohau and the surrounding country.",Intermediate,3 hr one way,Refer to DOC website for current alerts,https://www.doc.govt.nz/thumbs/large/link/7497a2587a45412799173ec526c5b9c5.aspx,https://www.doc.govt.nz/link/2cc3e6cbc16448c192b87f74ed99b2b6.aspx,12/2/2025 8:41:07 AM,21541.7991309559
119406,Aorangi Crossing,Cross the Aorangi Range from Putangirua Pinnacles to Cape Palliser.,,,Refer to DOC website for current alerts,https://www.doc.govt.nz/thumbs/large/link/8db841669da34d2cb0022a0d74981118.aspx,https://www.doc.govt.nz/link/21ba0f4e55b94e8091dbe4041ecd99b8.aspx,12/2/2025 8:41:07 AM,24622.2070110796
119407,Paparoa Track: Pororari Hut Track,Walk to Pororari Hut for 360 degree views and experience a shorter (overnight) version of the Paparoa Track Great Walk.,Advanced,2 hr 30 min - 3 hr 30 min one way,Refer to DOC website for current alerts,https://www.doc.govt.nz/thumbs/large/link/9eaa61290df24dc09816cf5c0e20de9d.aspx,https://www.doc.govt.nz/link/85086d4dd19847a18b9a5d27b6e2ff75.aspx,12/2/2025 8:41:07 AM,15217.485456559
119408,Rock Peak Track,Get great views from this track at the southern end of the Pisa range. ,Advanced,,Refer to DOC website for current alerts,https://www.doc.govt.nz/thumbs/large/link/07b1dec0d6cd4f87afe653208da85d6b.jpg,https://www.doc.govt.nz/link/34a868bf9e1a40a4871acbc026b5ab6c.aspx,12/2/2025 8:41:07 AM,3868.42938125737
119409,Mount Robertson tracks,"Mountain bike or walk through mature and regenerating forest, with the option to visit the Mt Robertson/Tokomaru summit.","Intermediate, Advanced",,Refer to DOC website for current alerts,https://www.doc.govt.nz/thumbs/large/link/089c4f0c51194e1687ed2645eb43c8fe.aspx,https://www.doc.govt.nz/link/bf82d00630864532a3288880bad628d0.aspx,12/2/2025 8:41:07 AM,10159.9708816432
119410,Waitahu - Murray Connecting Track,This historic pack track links Murray Creek with Waitahu valley. It's part of a popular mountain biking circuit.,Expert,,Refer to DOC website for current alerts,https://www.doc.govt.nz/images/no-photo/no-photo-220x140.jpg,https://www.doc.govt.nz/link/87aec032aaec4601886213c3fab92edf.aspx,12/2/2025 8:41:06 AM,2508.35867444235
119411,Paparoa Track,"The Paparoa Track crosses the Paparoa Range. It takes you through alpine tops, limestone karst landscapes, thriving rainforests and provides breath-taking views.",Advanced,2 days one way,Refer to DOC website for current alerts,https://www.doc.govt.nz/thumbs/large/link/ac46719fbdfd477c9c1931272c6eba1d.aspx,https://www.doc.govt.nz/link/c53005d1c8424e24bade48f61c977f31.aspx,12/2/2025 8:41:06 AM,51244.5107958084
119412,Arawata Bridle Track,The Arawata Bridle Track follows part of the original bridle trail that connected Queenstown and Glenorchy.,Intermediate,,Refer to DOC website for current alerts,https://www.doc.govt.nz/thumbs/large/link/2bbcde704dd24345b53b72c5a6b2e49c.aspx,https://www.doc.govt.nz/link/e91d0feffcbf4a1c9f420d4ecbdfddfb.aspx,12/2/2025 8:41:06 AM,1450.52976018785
119413,Awa Nohoaka Conservation Area access tracks,"Short tussock and pasture grasslands contrast with grey shrublands, dry shrublands and kanuka shrublands make up this unique conservation area.",Advanced,,Refer to DOC website for current alerts,https://www.doc.govt.nz/images/no-photo/no-photo-220x140.jpg,https://www.doc.govt.nz/link/dde603b4e7aa4cd4aa87ed4790560f78.aspx,12/2/2025 8:41:06 AM,14204.9960173282
119414,Carrick Range access tracks,"Rising above Bannockburn and rich in goldmining history, the Carrick Range is one of the most accessible mountain ranges in Central Otago. These tracks take you to three conservation areas and two historic reserves.","Intermediate, Advanced",,Refer to DOC website for current alerts,https://www.doc.govt.nz/thumbs/large/link/c033c329ceb4455bbfa13cc14cecd6cb.aspx,https://www.doc.govt.nz/link/e0f53b510fb741598493aaee5d13ed7a.aspx,12/2/2025 8:41:06 AM,15587.2513538267
119415,Mt Difficulty tracks,"Enjoy fantastic views of Gibbston Valley and Cromwell basin along the way, and out to the Doolan mountains from the top.",Advanced,,Refer to DOC website for current alerts,https://www.doc.govt.nz/thumbs/large/link/0bc29a90b191429abd656f8884e890be.aspx,https://www.doc.govt.nz/link/baeeb29d53064382900303f2b24c3600.aspx,12/2/2025 8:41:06 AM,40912.4897460064
119416,Slapjack Saddle Track,"Journey through the Carrick Range, past the spectacular Long Gully bluffs. There are brilliant views from the tops and golden colours in the lower reaches during autumn.",Intermediate,,Refer to DOC website for current alerts,https://www.doc.govt.nz/thumbs/large/link/e70912ec0c0d476e800005820b1bf180.aspx,https://www.doc.govt.nz/link/0417058bdb664d0fb4afbb49750a6047.aspx,12/2/2025 8:41:05 AM,18386.6989691371
119417,Moerangi Track,This shared-use track includes an overnight stop at an historic hut and amazing views from the top of the Moerangi saddle (955 m). Listen for the piercing calls of kiwi at night.,Intermediate,5 - 7 hr,Refer to DOC website for current alerts,https://www.doc.govt.nz/thumbs/large/link/dc8720b664c14547b81e626f861eb82c.aspx,https://www.doc.govt.nz/link/fee352fc1c724846b03b2f80f97db391.aspx,12/2/2025 8:41:05 AM,30509.5572812817
119418,The Old Ghost Road,"This old gold miners' road is being revived as a tramping and mountain biking track. It traverses native forests, tussock tops, river flats and valleys with stunning views of the magnificent Mōkihinui Gorge and surrounds.",Advanced,2 - 3 days,Refer to DOC website for current alerts,https://www.doc.govt.nz/thumbs/large/link/b04c9912e5ff434fad9719e838962f34.jpg,https://www.doc.govt.nz/link/800078095e7c48e4b5d7ad132aa1a32d.aspx,12/2/2025 8:41:05 AM,75321.7535236176
119419,Hunter Valley tracks,"The Hunter River Valley is part of the Hāwea Conservation Park and nestled between the Young and Huxley ranges. Its open grasslands, braided river system and deep canyon gorges offer remote seekers a beautiful but challenging backcountry experience.",Advanced,,Refer to DOC website for current alerts,https://www.doc.govt.nz/thumbs/large/link/b4dbd14c878243369b4f76a20db4db85.aspx,https://www.doc.govt.nz/link/d9450a04afaf4fd8a20886888b816c15.aspx,12/2/2025 8:41:05 AM,12474.0423041542
119420,Waihāhā Hut Track,Walk to Waihāhā Hut for a short overnight trip.,Intermediate,2-3 hr one way,Refer to DOC website for current alerts,https://www.doc.govt.nz/thumbs/large/link/61394398f99e4c5f974b3da4a66a430d.aspx,https://www.doc.govt.nz/link/19c444548ae84d99a79467dd2e83faff.aspx,12/2/2025 8:41:05 AM,9255.44464704951
119421,Tirohanga Dunes Trail,"On this easy, beautiful trail, you’ll enjoy panoramic views of the Pacific Ocean, Whakaari/White Island, Moutohora/Whale Island and towards East Cape.",Easy,2-3 hr return,Refer to DOC website for current alerts,https://www.doc.govt.nz/thumbs/large/link/fa94106705a4491c926dc662c44cbba1.jpg,https://www.doc.govt.nz/link/5e24165eac8e48578628370a885a863c.aspx,12/2/2025 8:41:05 AM,4521.37816552473
119422,Waikakaho/Cullen Creek Track,"This walkway follows an old goldminer's trail across the range between the Wairau Valley and Linkwater. It can be walked or ridden in one day, but you will need to arrange transport between the road ends.",Advanced,,Refer to DOC website for current alerts,https://www.doc.govt.nz/thumbs/large/link/ea8ce0e9e7714962ab5d183aba221075.jpg,https://www.doc.govt.nz/link/725aa76dad0345abaf8c50f58a5f7e2c.aspx,12/2/2025 8:41:04 AM,13638.73984172
119423,Okiwi Bay Seaward Valley Track,Walk or mountain bike through varied vegetation and enjoy ocean views.,"Intermediate, Advanced",4 - 5 hr,Refer to DOC website for current alerts,https://www.doc.govt.nz/thumbs/large/link/ee4dad95e9314562a5f0059e63e95c21.jpg,https://www.doc.govt.nz/link/8efabd28e64248b984440089a3b21939.aspx,12/2/2025 8:41:04 AM,13053.8408616999
119424,Minaret Burn Track,"This walk passes through native forest and bush, crossing burns (streams) and giving access to Lake Wānaka itself. This track is suitable for walking, mountain biking and horse riding.",Expert,,Refer to DOC website for current alerts,https://www.doc.govt.nz/thumbs/large/link/5a265b195f0a4c2ea5ece5cacd0c0536.jpg,https://www.doc.govt.nz/link/986e18290545415bbc6cae32f497708c.aspx,12/2/2025 8:41:04 AM,21981.622632337
119425,Lake Roxburgh Walkway,This historic trail follows an old bridle path that transported coal to the gold mining dredges 1890s-1930s.,Intermediate,,Refer to DOC website for current alerts,https://www.doc.govt.nz/thumbs/large/link/dcf9e8ec31a640c8892ef2eaa5a96341.aspx,https://www.doc.govt.nz/link/6b493d71745c4ca88ed5912cc3388292.aspx,12/2/2025 8:41:04 AM,9380.18839876541
119426,Dingle Burn Peninsula Track,The Dingle Burn Peninsula Track is a pleasant walk to the Turihuka Conservation Area. It also provides access into Hāwea Conservation Park via the Dingle Burn and Hunter River Tracks. ,Intermediate,,Refer to DOC website for current alerts,https://www.doc.govt.nz/thumbs/large/link/e9e3ed3a485a4a0fb6fb1ba8522eb8ca.jpg,https://www.doc.govt.nz/link/76f9c9957c814173bcec4ee338404189.aspx,12/2/2025 8:41:04 AM,12051.860450294
119427,Patutu Route,Climb to the summit of Patutu (1162 m) for great views of the coast and the North Island.,"Intermediate, Advanced",,Refer to DOC website for current alerts,https://www.doc.govt.nz/thumbs/large/link/cd558c00752b4089b2272814aea384f9.jpg,https://www.doc.govt.nz/link/4ae300645f194cfcb9083242b35e5fdd.aspx,12/2/2025 8:41:04 AM,4832.00475463236
119428,Baikie Hut Track,Baikie Hut makes a great picnic or overnight venue.,Easy,1 hr 30 min one way,Refer to DOC website for current alerts,https://www.doc.govt.nz/thumbs/large/link/4d07f537131840b9b35211a18d4f31cd.jpg,https://www.doc.govt.nz/link/cea113c8070044ffbc99d79c392eb15d.aspx,12/2/2025 8:41:03 AM,4112.01756403503
119429,Yeoman's Track,This forest track follows an old route where logs were once hauled to Yeoman’s Mill. It is open to walkers and mountain bikers.,Intermediate,2 - 3 hr,Refer to DOC website for current alerts,https://www.doc.govt.nz/thumbs/large/link/2674702f37c946c18ad2393d5c1b960c.jpg,https://www.doc.govt.nz/link/16daf5fdc3954f9bb423d64d21911c2b.aspx,12/2/2025 8:41:03 AM,5748.567137875
119430,Whirinaki Forest Mountain Bike Track,The Whirinaki Forest Mountain Bike Track is purpose built and weaves through one of the most spectacular and interesting forests in the world.,"Easy, Intermediate",2 - 4 hr,Refer to DOC website for current alerts,https://www.doc.govt.nz/thumbs/large/link/9ae86ddd0d5b40b3902fd9f1809bdee4.jpg,https://www.doc.govt.nz/link/23928f59a93544d7a0e78bc8d3b845ed.aspx,12/2/2025 8:41:03 AM,14780.5879526641
119431,Wharfedale/Townshend Track,"Follow this track to Wharfedale Hut by walking, mountain biking, or horse riding.","Easy, Advanced",,Refer to DOC website for current alerts,https://www.doc.govt.nz/thumbs/large/link/1431588cbd83477fb85202c7b3383981.jpg,https://www.doc.govt.nz/link/5266695c04254d5e90043f5d16c8ba8a.aspx,12/2/2025 8:41:03 AM,14194.9666028019
119432,Whareroa Farm tracks,"Enjoy regenerating shrubland, coastal views and kohekohe forest on these walks that are suitable for children.","Easy, Intermediate",,Refer to DOC website for current alerts,https://www.doc.govt.nz/thumbs/large/link/7b0cff4090bb432e8f51c9c1200f29e1.aspx,https://www.doc.govt.nz/link/bfe1b5d8f68848ccbc917d22ce44a304.aspx,12/2/2025 8:41:03 AM,7814.04691404356
119433,Whakaipo Bay tracks,Walk or ride over the headland between Whakaipo and Whangamata bays and enjoy the lake views and native bush.,Intermediate,2 hr | 3 hr 30 min,Refer to DOC website for current alerts,https://www.doc.govt.nz/thumbs/large/link/b2925ca288b84a4289b7a77f79a71583.jpg,https://www.doc.govt.nz/link/3ba7bae863dd4041a27973a32cabc3f0.aspx,12/2/2025 8:41:03 AM,22125.1279129902
119434,Western Ōkataina Walkway,Western Ōkataina Walkway is open for both walking and mountain biking.,Intermediate,,Refer to DOC website for current alerts,https://www.doc.govt.nz/thumbs/large/link/53b4f7d1ff6e41ab841387caa56ac5d4.aspx,https://www.doc.govt.nz/link/ca94e06d91cf4b25a541f8c66cd36858.aspx,12/2/2025 8:41:02 AM,19518.6349082604
119435,Wakamarina Track,Follow in the footsteps of old goldminers on the Wakamarina Track to cross the Richmond Range from the Wairau Valley to the Wakamarina Valley.,"Intermediate, Advanced, Expert",,Refer to DOC website for current alerts,https://www.doc.govt.nz/thumbs/large/link/78de61ad468c406bb25e364ef01008f3.aspx,https://www.doc.govt.nz/link/e50df35252a04e5ab01372af5a5f22df.aspx,12/2/2025 8:41:02 AM,20542.2115700847
119436,Wairepo Kettleholes Track,Wairepo Kettleholes provide a feeding area for both native and introduced birds. ,Easy,30 min one way,Refer to DOC website for current alerts,https://www.doc.govt.nz/thumbs/large/link/c915c820c5b44aa18d51ad51f9277ccc.jpg,https://www.doc.govt.nz/link/df0cc6d08ae944cb8d8ffde71f27870b.aspx,12/2/2025 8:41:02 AM,2688.62334030093
119437,Waihāhā and Waihora tracks,"Explore the remote bush, cliffs and waterfalls of the Western Bays of Lake Taupō. Normally accessible only by boat, these trails take you through a variety of landscapes with fantastic lookout points.",Intermediate,1 hr 30 min | 2 hr,Refer to DOC website for current alerts,https://www.doc.govt.nz/thumbs/large/link/69e9c51015b94c888101d16564a63736.jpg,https://www.doc.govt.nz/link/debab29dec5346c1980ddb3aa7799886.aspx,12/2/2025 8:41:02 AM,24373.9158397423
119438,Upper Clutha River Track,Walk or cycle along the banks of the Clutha River near Lake Wānaka.,Intermediate,,Refer to DOC website for current alerts,https://www.doc.govt.nz/thumbs/large/link/5c8df8c768b54e60ae65fac856af0cb7.aspx,https://www.doc.govt.nz/link/49ab448996454560b386d7397e45c130.aspx,12/2/2025 8:41:02 AM,18200.7885524404
119439,Twizel River Trail,This is a lovely walk alongside Twizel River.,Easy,2 hr one way,Refer to DOC website for current alerts,https://www.doc.govt.nz/thumbs/large/link/9a7154eecd7944e28a648506487bc215.aspx,https://www.doc.govt.nz/link/730cded735ca4c30895a5ccb7e876dd7.aspx,12/2/2025 8:41:02 AM,11116.105128975
119440,Twelve Mile Delta to Bob’s Cove Track,"Follow the shore of Lake Wakatipu and enjoy lake views, native bush and ancient marine sediments. Twelve Mile Delta was a location for Lord of the Rings' Ithilien Camp.",Easy,90 min return,Refer to DOC website for current alerts,https://www.doc.govt.nz/thumbs/large/link/7bc428c226594697b49667d7bcee0bfa.jpg,https://www.doc.govt.nz/link/4b62425b23304f29951a1adc3da73f1c.aspx,12/2/2025 8:41:02 AM,6633.84065932666
119441,Tuhoto Ariki Trail,Specifically designed dual use trail through native bush with great downhills and some decent climbs for the mountain bikers. Starts from the highest point in Whakarewarewa Forest.,Advanced,40 min,Refer to DOC website for current alerts,https://www.doc.govt.nz/thumbs/large/link/5345834f907643b091a838d01aa44f2b.jpg,https://www.doc.govt.nz/link/1a8f574f7cef406a92282525a6dcb1a4.aspx,12/2/2025 8:41:01 AM,3532.1965045417
119442,Tree Trunk Gorge tracks,"Walk or mountain bike through the Kaimanawa Forest Park taking in two spectacular gorges, and the characteristic beech and kamahi forest.",Advanced,Various times under 4 hr,Refer to DOC website for current alerts,https://www.doc.govt.nz/thumbs/large/link/8213c7b925d84085b1bcfeeecde57e0c.jpg,https://www.doc.govt.nz/link/0c41e512c0f742b5841cd0c9fbefdcf5.aspx,12/2/2025 8:41:01 AM,10256.4434641932
119443,Tongariro River Trail,"Follow the banks of the Tongariro River alongside farmland, through native bush and urban areas, enjoying magnificent river views. An easy, mainly flat track with multiple entry points - a great family friendly option.","Easy, Intermediate",30 min - 1 hr 30 min,Refer to DOC website for current alerts,https://www.doc.govt.nz/thumbs/large/link/11b1e74bf56f4fa4bc833c007a7c5a2d.aspx,https://www.doc.govt.nz/link/f7a6048f329e4d9bafde4d68a5e6aba5.aspx,12/2/2025 8:41:00 AM,14348.3514278453
119444,The Timber Trail: Pureora - Ongarue,"Using historic bush tramways, old bulldozer and haul roads, and newly constructed track, this Grade 2/3 trail features 35 bridges, including some of the highest and longest in New Zealand. This track is part of Te Araroa Trail.","Easy, Intermediate",Full trail: 2-3 days,Refer to DOC website for current alerts,https://www.doc.govt.nz/thumbs/large/link/4bcbc984a4ae44259e1c6da079bf24d4.jpg,https://www.doc.govt.nz/link/7adb25dc4422481ebfdc00402e9fca36.aspx,12/2/2025 8:41:00 AM,81155.2909741508
119445,Te Waiti Hut Walk,This track affords views of Te Waiti Stream and lowland forest and is suitable for a family day trip. ,Intermediate,,Refer to DOC website for current alerts,https://www.doc.govt.nz/images/no-photo/no-photo-220x140.jpg,https://www.doc.govt.nz/link/acdd7f0d5618439e8fe403a52e39c969.aspx,12/2/2025 8:41:00 AM,6236.23665779896
119446,Te Iringa Track,"On this challenging and remote adventure ride, pass through beech forest and enjoy the scenery, streams and wildlife of the Kaimanawa Forest Park. ",Expert,4 - 6 hr one way,Refer to DOC website for current alerts,https://www.doc.govt.nz/thumbs/large/link/6ea48e9fe21449d08f7574b556d7f059.jpg,https://www.doc.govt.nz/link/1e72f18ca04b448b95c52ce387948372.aspx,12/2/2025 8:41:00 AM,11895.1120329049
119447,Te Ara Pātaka/Summit Walkway,"Enjoy magnificent views over Banks Peninsula, the Canterbury plains, Southern Alps and Pacific Ocean on this track, which is about an hour's drive from Christchurch.","Intermediate, Advanced",Various options,Refer to DOC website for current alerts,https://www.doc.govt.nz/thumbs/large/link/e1b377583bce46cab61fdd40d7bd2ff1.aspx,https://www.doc.govt.nz/link/ecc7ac274ae646e18764d05e39489de5.aspx,12/2/2025 8:41:00 AM,27671.0502933505
119448,Te Ara a Waiau Walkway/Cycleway,Walk or cycle through bush from Franz Josef township to the Franz Josef Glacier car park. ,Easy,1 hr,Refer to DOC website for current alerts,https://www.doc.govt.nz/thumbs/large/link/4bb689acabb74073acae3075fd6fc606.jpg,https://www.doc.govt.nz/link/d00301a3d63b49e5bc571a197ef0b044.aspx,12/2/2025 8:41:00 AM,3675.50742565018
119449,Tasman River tracks ,Tasman River is a large braided river which flows into Lake Pukaki. There are walking and cycling tracks in the area. ,Easy,2 hr,Refer to DOC website for current alerts,https://www.doc.govt.nz/thumbs/large/link/ccd7ba8b184c4ba984a35c7771f3f310.jpg,https://www.doc.govt.nz/link/4be373d5c563432e89c3a8bfdd33eb7c.aspx,12/2/2025 8:41:00 AM,11711.5840587226
119450,Studholme Bush Scenic Reserve tracks,"Enjoy a wide range of tracks, from an easy, fun cycle with the family along Railway Track, to a steep 50-minute walk to the Whitehorse monument with great views out over Waimate.","Easiest, Intermediate",,Refer to DOC website for current alerts,https://www.doc.govt.nz/thumbs/large/link/4a18af080414494793fba71e9751d57b.jpg,https://www.doc.govt.nz/link/2422cb81c4fb412e8333049330138412.aspx,12/2/2025 8:40:59 AM,4775.75771773088
119451,Stanley River Route,This marked route links Charlies Saddle to Stanley Vale Hut in the St James Conservation Area. ,Expert,,Refer to DOC website for current alerts,https://www.doc.govt.nz/thumbs/large/link/5e4f1f8294ac49fc964ab1f0df90b122.jpg,https://www.doc.govt.nz/link/fbe29fd35cb745f6b1ba6659ef793c3e.aspx,12/2/2025 8:40:59 AM,16096.6781504857
119452,St James Cycle Trail,"This trail offers challenging, mixed riding through stunning scenery of mountain peaks, crystal clear waters, high country lakes, alpine meadows, subalpine beech forest, and expansive grassy flats.","Intermediate, Advanced",6 - 9 hr/1 - 2 days,Refer to DOC website for current alerts,https://www.doc.govt.nz/thumbs/large/link/2144a27835af4ab6848090c5624ce626.jpg,https://www.doc.govt.nz/link/09b16f47b63043629cdaa655df296687.aspx,12/2/2025 8:40:59 AM,34966.3204417772
119453,Seven Mile Point Track,"Walk or bike by Lake Wakatipu, then climb through native bush and pine forest to see Wilson Bay from Kirks Terrace. This track is part of Te Araroa Trail.",Intermediate,,Refer to DOC website for current alerts,https://www.doc.govt.nz/thumbs/large/link/b36d888846a64998a31cef3808800557.jpg,https://www.doc.govt.nz/link/0e9c86e5dd6e4ed1b5f676a0f1ac6779.aspx,12/2/2025 8:40:59 AM,2784.63043960948
119454,Rotary Ride and Waikato River Track,"These two tracks along the banks of the Waikato River allow for stunning views of the river, and access to Huka Falls and the network of mountain bike trails in the area.",Easy,30 min | 20 min,Refer to DOC website for current alerts,https://www.doc.govt.nz/thumbs/large/link/20fc1a8d067c496ea6aa53d593a1ba69.aspx,https://www.doc.govt.nz/link/e504bf8b9af84aa9b9206271846a6ffb.aspx,12/2/2025 8:40:59 AM,6581.27738253746
119455,Remutaka Rail Trail,"Built in 1878, this rail route between the Hutt Valley and Featherston is now a gently graded 18 km walk, run or mountain bike ride, with opportunities for camping, swimming and fishing.",Easy,1 hr 30 min bike from Kaitoke,Refer to DOC website for current alerts,https://www.doc.govt.nz/thumbs/large/link/f81ea8b4f7a446cb86992178bc9a1ff3.aspx,https://www.doc.govt.nz/link/885769f9ea1d44c59dc1bffa4c931df4.aspx,12/2/2025 8:40:59 AM,3256.97898070688
119456,Richmond Trail,Enjoy stunning views of Lake Tekapo while walking or riding this track. This track is part of Te Araroa Trail.,Advanced,2 - 3 hr,Refer to DOC website for current alerts,https://www.doc.govt.nz/thumbs/large/link/7a3c831a940a40579b5255823d71d62f.aspx,https://www.doc.govt.nz/link/92700da8319646d6a813f39d6f2ff39b.aspx,12/2/2025 8:40:59 AM,15898.9745400213
119457,Queen Charlotte Track,Experience the spectacular Marlborough Sounds by walking or biking the Queen Charlotte Track. The track stretches 73.5 km  from historic Meretoto/Ship Cove through to Anakiwa in Queen Charlotte Sound. This track is part of Te Araroa Trail.,"Intermediate, Advanced, Expert",,Refer to DOC website for current alerts,https://www.doc.govt.nz/thumbs/large/link/f17199e876a84fbba8a9ae6394ec518b.jpg,https://www.doc.govt.nz/link/e3171ec104a34779a4a86c0fde9c4c3c.aspx,12/2/2025 8:40:58 AM,67058.8575703451
119458,Point Elizabeth Walkway,"A stunning, well surfaced, coastal walkway. Enjoy walking through varied and interesting forest to a panoramic, cliff top viewing platform. Point Elizabeth track is a perfect walk for families and children.",,,Refer to DOC website for current alerts,https://www.doc.govt.nz/thumbs/large/link/228db6117d634746b322bc6490e1c4a5.aspx,https://www.doc.govt.nz/link/ba08950f62fa417d9ff9571a4c6631da.aspx,12/2/2025 8:40:58 AM,5227.42554776938
119459,Pavilion Peak Track,This track traverses a range in the Lindis Conservation Area. ,Expert,6 - 8 hr,Refer to DOC website for current alerts,https://www.doc.govt.nz/thumbs/large/link/f4a70ddca9ee422ebf5d2e68b0d98a10.aspx,https://www.doc.govt.nz/link/0a80a78ae1fc46248a446ab70c4b98ac.aspx,12/2/2025 8:40:58 AM,32013.6640617333
119460,Pakihi Track,The Pakihi Track is a stunning but challenging 20 km journey through lush forest for trampers and mountain bikers.,Advanced,2 hr 30 min - 3 hr 30 min,Refer to DOC website for current alerts,https://www.doc.govt.nz/thumbs/large/link/a820c33b52de4a648e700de27fd3cf66.jpg,https://www.doc.govt.nz/link/5e35468834644d9c8ba3a49ecc02a95e.aspx,12/2/2025 8:40:58 AM,18298.4300417872
119461,Otago Central Rail Trail,Pedalling Otago’s rural heart. The famous Rail Trail takes you through traditional country towns and sheep-farming land farmed by families for many generations. ,Easy,,Refer to DOC website for current alerts,https://www.doc.govt.nz/thumbs/large/link/0db199cb87d941e299233bee910e2678.aspx,https://www.doc.govt.nz/link/6246caac2b0d4fee87c77e0ecaeb2440.aspx,12/2/2025 8:40:58 AM,150257.721749081
119462,Opouri Bridle Track,Walk or mountain bike through native forest and farmland from Opouri Saddle down to Harvey Bay (Duncan Bay). ,Advanced,,Refer to DOC website for current alerts,https://www.doc.govt.nz/thumbs/large/link/fdb6b7446fe74631a93f1476ec6d9f14.jpg,https://www.doc.govt.nz/link/0f9dab3d7d0949a6a96bf278a249953d.aspx,12/2/2025 8:40:58 AM,4212.21541183702
119463,Okahukura Loop,"Okahukura Loop is for more skilled riders, but is not particularly technical.",Easy,3 hr,Refer to DOC website for current alerts,https://www.doc.govt.nz/images/no-photo/no-photo-220x140.jpg,https://www.doc.govt.nz/link/ffbf3e256a1c4f1faa77e2105e6497cd.aspx,12/2/2025 8:40:57 AM,15302.8391929546
119464,Ohakune Old Coach Road,Take a trip back into New Zealand's rail heritage while you walk or cycle an old coach road. The road was used to carry passengers and goods between two railheads on the North Island main trunk link before they were linked in 1908.,Intermediate,2 hr 20 min,Refer to DOC website for current alerts,https://www.doc.govt.nz/thumbs/large/link/c30196975576488484d48ab8dcdca64e.jpg,https://www.doc.govt.nz/link/f1485c5a2d8c4d2b9f017a449a1adb92.aspx,12/2/2025 8:40:57 AM,10840.6653688098
119465,Nydia Track,The 27 km Nydia Track offers walkers and cyclists great views and varied track conditions. Plan on an overnight stop at Nydia Bay where you can explore the history and coastline.,Advanced,5 hr - 8 hr,Refer to DOC website for current alerts,https://www.doc.govt.nz/thumbs/large/link/dbbb6bf203984c08a69cbf1f21a8554b.aspx,https://www.doc.govt.nz/link/dbde5f1292104fe38699c4bb404eb5da.aspx,12/2/2025 8:40:57 AM,24558.7044499254
119466,Nevis Valley tracks,Access the Remarkables Conservation Area on these tracks.,Intermediate,,Refer to DOC website for current alerts,https://www.doc.govt.nz/thumbs/large/link/44bcc47d7eb3497991c83be2a47f4acc.jpg,https://www.doc.govt.nz/link/b570f10ee00e469681807d6678c667df.aspx,12/2/2025 8:40:57 AM,18593.8351774447
119467,Mt Patriarch Route,"Walk or mountain bike up Mt Patriarch (1,656 m).",Intermediate,3 hr return,Refer to DOC website for current alerts,https://www.doc.govt.nz/thumbs/large/link/5dac3376ff9949db85364f67ff76a0a0.jpg,https://www.doc.govt.nz/link/cdc2c4b8b0c146babbf7a524a0b17e40.aspx,12/2/2025 8:40:57 AM,7664.46530938011
119468,Mt Judah / Heather Jock Tracks,"Scheelite mining history, open tussock country and grand views await on these tracks - with the option of staying overnight in the basic Heather Jock Hut. ",Intermediate,,Refer to DOC website for current alerts,https://www.doc.govt.nz/thumbs/large/link/f3e99161cd584fa18b57f52b2a80cd99.jpg,https://www.doc.govt.nz/link/284debb2f35643c79cf5a8dec1c83f52.aspx,12/2/2025 8:40:57 AM,10068.9229324279
119469,Moonlight Pack Track,"The Moonlight Pack Track offers the opportunity to see reminders of the gold mining history of the area, and to walk through West Coast native beech forest.",Advanced,,Refer to DOC website for current alerts,https://www.doc.govt.nz/thumbs/large/link/c5c182aa03c940c5ab4808da3ea3ab0f.aspx,https://www.doc.govt.nz/link/7aa5e7a43db24091bd9c979cfab43656.aspx,12/2/2025 8:40:56 AM,8410.73447101382
119470,Moke Lake Loop Track,This popular walk takes you on a loop around the lake. Superb views are on offer as you travel through grassland surrounded by mountains.,Intermediate,,Refer to DOC website for current alerts,https://www.doc.govt.nz/thumbs/large/link/41fe60963fc64f57998139e440e9cc07.aspx,https://www.doc.govt.nz/link/118c89c259ca4c2186fd43fd230e41b1.aspx,12/2/2025 8:40:56 AM,4897.24576052631
119471,Mavora - Greenstone Walkway,"This is a 50 km, four day tramping trip, linking the Mavora Lakes Camping Area with the Greenstone Track. It passes through open valley tussock land and beech forested hill country. This track is part of Te Araroa Trail.",,,Refer to DOC website for current alerts,https://www.doc.govt.nz/thumbs/large/link/6fe318869a2f4d3ca43c42dce3a6487e.jpg,https://www.doc.govt.nz/link/78b3987c2a754d88b5122593de6b6085.aspx,12/2/2025 8:40:56 AM,33691.8381423709
119472,Mangapurua/Kaiwhakauka Track,The Mangapurua and Kaiwhakauka Tracks are two stages of the Mountains to Sea Cycle Trail. There are various entry/exit options. This track is part of Te Araroa Trail.,Advanced,1 day,Refer to DOC website for current alerts,https://www.doc.govt.nz/thumbs/large/link/0b7efbadf51048abbd13003d04d98ce0.jpg,https://www.doc.govt.nz/link/8670dc4e01a84dfa89798eb42e02816b.aspx,12/2/2025 8:40:56 AM,50266.1861343813
119473,Mananui Tramline (Māhinapua Walkway),"This flat, easy walk or mountain bike ride, suitable for children, follows an old logging tramline and passes beautiful Lake Māhinapua.",Easy,,Refer to DOC website for current alerts,https://www.doc.govt.nz/thumbs/large/link/eaa59edfb54d4d5d8ed4e7c2fcbb8d5a.jpg,https://www.doc.govt.nz/link/b4ca25b986274e3496037397fed40392.aspx,12/2/2025 8:40:56 AM,6022.54218128932
119474,Macaulay Hut Track,"Macaulay valley can be accessed on foot, or by mountain bike, horse or 4WD.",Easy,3 hr one way,Refer to DOC website for current alerts,https://www.doc.govt.nz/thumbs/large/link/0995a48b403b41d08a6e97a739d0141f.aspx,https://www.doc.govt.nz/link/ec4ad17cf9164b89b19a68672e4d04f1.aspx,12/2/2025 8:40:55 AM,18212.9169939703
119475,Lindis Valley tracks,"A range of tracks for walkers and mountain bikers alike, in an attractive, upland valley. Easily accessed off SH8 between Tarras and Omarama.","Intermediate, Advanced",,Refer to DOC website for current alerts,https://www.doc.govt.nz/thumbs/large/link/1ef7af35863a48718f9f7397d50b19e0.jpg,https://www.doc.govt.nz/link/5e76af4b21fc44f3b6af800e7336466c.aspx,12/2/2025 8:40:55 AM,53573.988789825
119476,Lake Ōhau Track,"The track runs along the Lake Ōhau shoreline at its moraine end, with great views of Ben Ohau Peak and Lake Ōhau. This track is part of Te Araroa Trail.",Easy,1 hr,Refer to DOC website for current alerts,https://www.doc.govt.nz/thumbs/large/link/42344bc7ef4e4762991129793d1276af.aspx,https://www.doc.govt.nz/link/c59a7b9ca4f14335b6188091a12a373e.aspx,12/2/2025 8:40:55 AM,8556.10581210025
119477,Lake Kaniere Walkway,"Walk or mountain bike along the western shores of Lake Kaniere through lush lakeside forest, passing many picturesque bays and numerous forest streams. ","Advanced, Expert",,Refer to DOC website for current alerts,https://www.doc.govt.nz/thumbs/large/link/92ca34c6006345539a7a963c9a7bf114.jpg,https://www.doc.govt.nz/link/8ac53eb7a5494aeda12ee800604fbf99.aspx,12/2/2025 8:40:55 AM,10076.0107727747
119478,Lake Hayes Walkway,"Stroll, walk, run or cycle around a lake surrounded by spectacular mountains. This track is part of Te Araroa Trail.",Intermediate,,Refer to DOC website for current alerts,https://www.doc.govt.nz/thumbs/large/link/405c5e1730ce4f3db782d97c581efc29.aspx,https://www.doc.govt.nz/link/1852728e873e40cbb6c96946e33d6d6a.aspx,12/2/2025 8:40:55 AM,7182.79555415077
119479,Lake Hāwea Track,"This provides access to one of the Hāwea Conservation Park's most beautiful areas, the Hunter Valley. ",Advanced,6 - 8 hr,Refer to DOC website for current alerts,https://www.doc.govt.nz/thumbs/large/link/6ea5f0f5620e4d939466aa922673b6c4.jpg,https://www.doc.govt.nz/link/2817fdbd4ed64aa08c0a0f2989de61c6.aspx,12/2/2025 8:40:55 AM,32788.1874603395
119480,Fossickers Lake Track,"The track loops around the Globe Progress Mine's former tailings storage facility, known as Fossickers Lake.",Intermediate,1 hr,Refer to DOC website for current alerts,https://www.doc.govt.nz/thumbs/large/link/410b926f13d34e40a21e95c90102495c.aspx,https://www.doc.govt.nz/link/8dc9b7c8f9bc4be6b28be392cba8e9c3.aspx,12/2/2025 8:41:20 AM,5818.43730463597
119481,Lake Dispute Walkway,Zigzag up through kōhūhū/pittosporum shrubland to Lake Dispute high country lake.,"Intermediate, Advanced",,Refer to DOC website for current alerts,https://www.doc.govt.nz/thumbs/large/link/848ad90c1bb342fd902e7c9a54801018.aspx,https://www.doc.govt.nz/link/f9fb112d0fd64ad6a1696153ea0e6291.aspx,12/2/2025 8:40:54 AM,2847.94894114973
119482,Lake Dispute to Moke Lake Track,Follow a 4WD track beside Lake Dispute and into high county farmland to reach the southern end of Moke Lake.,Intermediate,  ,Refer to DOC website for current alerts,https://www.doc.govt.nz/thumbs/large/link/9b881847994f41fba85ac3e38d00ea28.aspx,https://www.doc.govt.nz/link/6b280b7b264a45e6b0ecc9534744226a.aspx,12/2/2025 8:40:54 AM,8626.53817000883
119483,Lake Clearwater tracks,Enjoy views of Lake Clearwater from the lake shore or the nearby Mount Guy (1319 m).,Easy,,Refer to DOC website for current alerts,https://www.doc.govt.nz/thumbs/large/link/ed5fcf717e5a42d59467e2feff07e25f.aspx,https://www.doc.govt.nz/link/0cac020584434ff5bd67638146ce390c.aspx,12/2/2025 8:40:54 AM,12048.9754007629
119484,Otamatakou Track,Follow an old farm track to the reserve which contains remnant native shrubs.,Easy,,Refer to DOC website for current alerts,https://www.doc.govt.nz/thumbs/large/link/c49b8341b6074e259bc04ba8b172c20b.aspx,https://www.doc.govt.nz/link/df1a4a9bce3d4028b253c567a79fed71.aspx,12/2/2025 8:40:54 AM,5511.02886592007
119485,Knuckle Hill Track,"From the top of Knuckle Hill are excellent views of the top of the South Island, particularly Farewell Spit and Whanganui Inlet.",Advanced,Under 1 hr,Refer to DOC website for current alerts,https://www.doc.govt.nz/thumbs/large/link/45a44ffa5d8d4bdaaa93f097698fdccf.aspx,https://www.doc.govt.nz/link/4541e3a03ee540958512c5e4e19d778a.aspx,12/2/2025 8:40:54 AM,4557.86165224272
119486,Kiko Loop Track,This short loop track is a great way for walkers and mountain bikers to experience the variety of nature in the Kaimanawa Forest Park.,Easy,45 min,Refer to DOC website for current alerts,https://www.doc.govt.nz/thumbs/large/link/1da5f743faef4605af128d30280d9b1e.jpg,https://www.doc.govt.nz/link/78961b7387264db89772a8c752e75822.aspx,12/2/2025 8:40:54 AM,3431.4749269349
119487,Kawakawa Bay tracks,"The K2K and Orakau tracks both take you into the picturesque Kawakawa Bay; walk or ride the trails separately, or link them together for a longer day out.",Intermediate,1 hr | 1 hr 30 min,Refer to DOC website for current alerts,https://www.doc.govt.nz/thumbs/large/link/f1eff1073fe945919940a20164f47307.jpg,https://www.doc.govt.nz/link/abbd8ea131cc4c9085dc95349285ba0a.aspx,12/2/2025 8:40:53 AM,15920.4337989313
119488,Karangahake Gorge Historic Walkway,"Situated at the base of the Coromandel Range, the Karangahake Gorge Historic Walkway follows the old railway line between Paeroa and Waihi, giving access to impressive remains from the mining and railway eras.",Easiest,,Refer to DOC website for current alerts,https://www.doc.govt.nz/thumbs/large/link/a7692563df644c27b7db1bd4d52a6c44.jpg,https://www.doc.govt.nz/link/6404b2da68834b0c920c0b1296855bc2.aspx,12/2/2025 8:40:53 AM,7532.22543821641
119489,Nikau Walk,Follow a stream through beautiful native forest with swimming and picnicking opportunities. This track is great for children. This track is part of Te Araroa Trail.,Easiest,,Refer to DOC website for current alerts,https://www.doc.govt.nz/thumbs/large/link/f2b73c8d292d4b08a38803f1aa2ac804.jpg,https://www.doc.govt.nz/link/c81d64cf7669464586f185975cda12f3.aspx,12/2/2025 8:40:53 AM,4554.63090311546
119490,Kaniere Water Race Walkway ,"The Kaniere Water Race Walkway provides an opportunity for
a pleasant bush walk in an area that is rich in history. ","Easy, Advanced",4 hr,Refer to DOC website for current alerts,https://www.doc.govt.nz/thumbs/large/link/080344fbef9b46c8a0b04a6f47a5ae33.aspx,https://www.doc.govt.nz/link/61b4cae58d3f4af7a52a0a2705e29f62.aspx,12/2/2025 8:40:53 AM,9343.51116246369
119491,Kakepuku Track,"The Kakepuku Track in Kakepuku Historic Reserve climbs up through bush to the summit of Kakepuku, an old volcano. ",,,Refer to DOC website for current alerts,https://www.doc.govt.nz/thumbs/large/link/ddf5de401d564f269d781a86bd3ad980.jpg,https://www.doc.govt.nz/link/a6d2b906d4a34ebebe46f81825ba0f9d.aspx,12/2/2025 8:40:53 AM,3539.19651348385
119492,Jack's Point Track,"A walk with superb lake and mountain views over undulating open grassland and scattered scrub, ending at Jack's Point. 
",Intermediate,,Refer to DOC website for current alerts,https://www.doc.govt.nz/thumbs/large/link/cab1d7a1d31247cb833a42fefea9db19.aspx,https://www.doc.govt.nz/link/8a19e795f5a64dbd95469b6da6e795b4.aspx,12/2/2025 8:40:53 AM,7240.02685899289
119493,Isthmus Peak Track,"Isthmus Peak Track is a steep and challenging but rewarding hike located between Lake Wānaka and Lake Hāwea, offering panoramic views of both lakes and the Southern Alps.",Expert,,Refer to DOC website for current alerts,https://www.doc.govt.nz/thumbs/large/link/d4d5f378663747209e380c4bd16030f3.aspx,https://www.doc.govt.nz/link/dddfd1ed2f584cdab9463b334c2d0bc6.aspx,12/2/2025 8:40:52 AM,7553.10987640642
119494,Hopkins valley tracks,"Hopkins valley, in Ruataniwha Conservation Park, is near Lake Ōhau.",Easy,1 hr 30 min one way,Refer to DOC website for current alerts,https://www.doc.govt.nz/thumbs/large/link/ed4d03c683a4407ea60ca954fb3d920d.jpg,https://www.doc.govt.nz/link/1bfcd6a57d8046d7aab16a38a5deeb64.aspx,12/2/2025 8:40:52 AM,29688.9290226839
119495,Homestead Run,"For young families or riders with insufficient time or experience to attempt the full St James Cycle Trail, the Homestead Run will give you a taste of St James.",Intermediate,,Refer to DOC website for current alerts,https://www.doc.govt.nz/thumbs/large/link/49144dd6766540bfbfe9e4905131d4a7.jpg,https://www.doc.govt.nz/link/425b7fb24c384593b532953bdea2e98d.aspx,12/2/2025 8:40:52 AM,7052.06801246935
119496,Historic Kill Devil Pack Track,This challenging mountain bike track provides spectacular views from the ridge tops of the Lockett Range and features historic huts and shelters.,"Advanced, Expert",1-2 days,Refer to DOC website for current alerts,https://www.doc.govt.nz/thumbs/large/link/89bee3c296954973a56b838b05b0d470.aspx,https://www.doc.govt.nz/link/a6b696bfd02d4361aa427d050d609880.aspx,12/2/2025 8:40:52 AM,19317.751849481
119497,Heaphy Track,"Travel through expansive tussock downs, lush forests and nīkau palms to the roaring seas of the West Coast. Mountain bikes are allowed between 1 May and 30 November.",Advanced,2–3 days,Refer to DOC website for current alerts,https://www.doc.govt.nz/thumbs/large/link/f333b5ffa2794fd2b1f8d6583e1f2b20.aspx,https://www.doc.govt.nz/link/9943e482ca3347368b7aa0199a2a4a0c.aspx,12/2/2025 8:40:52 AM,72178.6308049459
119498,Hatupatu Trail,Hatupatu is an alternative ending to Tuhoto Ariki Trail leading back down the hill ending at the junction of Moerangi and Tawa roads. Near the exit of the mountain bike trail 'Billy T'.,Expert,,Refer to DOC website for current alerts,https://www.doc.govt.nz/thumbs/large/link/9a38d36aa9ce4ec2a074deab5814a8da.jpg,https://www.doc.govt.nz/link/19feb5f917ba41b18095925b46e152fc.aspx,12/2/2025 8:40:51 AM,1044.1784802933
119499,Hakarimata Rail Trail,This family walking and cycling track follows the route of the former Ngāruawāhia/Glen Massey railway to attractive stream cascades.,Easiest,,Refer to DOC website for current alerts,https://www.doc.govt.nz/thumbs/large/link/0e6b4028637c4a72a5ad7135b04f9048.aspx,https://www.doc.govt.nz/link/f1f6d783ede94c05a7df62fac89f8e5b.aspx,12/2/2025 8:40:51 AM,1219.94637013826
119500,Grandview Ridge tracks,"Highly visible over a large area of the surrounding landscape, the Grandview Ridge provides a spectacular vantage point for views over the upper Clutha Valley and peaks beyond.",Advanced,,Refer to DOC website for current alerts,https://www.doc.govt.nz/thumbs/large/link/703ed89a942c478fb0440bbe332a71c4.jpg,https://www.doc.govt.nz/link/6246cb9a55214d6c8100106c410b2674.aspx,12/2/2025 8:40:51 AM,35594.5197069431
119501,Grandview Mountain Track,Trampers are well rewarded for their effort from the upper sections of the greater Grandview Range with inspiring views over Lakes Hāwea and Wānaka and mountains beyond.,Advanced,,Refer to DOC website for current alerts,https://www.doc.govt.nz/thumbs/large/link/42e774773ef943b1809c798072a0337a.jpg,https://www.doc.govt.nz/link/ed22e25c0ca04d3cb15842b6deed7efd.aspx,12/2/2025 8:40:51 AM,8633.34196023861
119502,Government Track,Walk or mountain bike the Government Track which traverses the slopes of the beech-and mānuka-forested Waipori Valley.,Intermediate,,Refer to DOC website for current alerts,https://www.doc.govt.nz/thumbs/large/link/1bbef62061e7482d891d2e0026f5d0dc.jpg,https://www.doc.govt.nz/link/39d1abb9178f4ab7ae90b7f261bcd95d.aspx,12/2/2025 8:40:51 AM,8241.54867006614
119503,Godley River Route,Walk or mountain bike up the Godley valley to Red Stag Hut and Godley Hut.,Easy,5 hr one way,Refer to DOC website for current alerts,https://www.doc.govt.nz/thumbs/large/link/87ab8e2707fd4adeab04127e4f397fe7.aspx,https://www.doc.govt.nz/link/c250b75775bc4a8b9df46913fa2727c5.aspx,12/2/2025 8:40:50 AM,23572.0543839593
119504,Lake Emma to Lake Camp Track,Walk or mountain bike to an old musterers hut near Lake Emma.,Easy,,Refer to DOC website for current alerts,https://www.doc.govt.nz/thumbs/large/link/8967691157f54e739228105099763751.aspx,https://www.doc.govt.nz/link/9225523239974d4895ec8b83508c413b.aspx,12/2/2025 8:40:55 AM,5572.05358128698
119505,Gibbs Hill Track,The Gibbs Hill Track crosses Abel Tasman National Park inland between Wainui and Tōtaranui.,Intermediate,,Refer to DOC website for current alerts,https://www.doc.govt.nz/thumbs/large/link/7ea2a5a41a474070aaf1450763553ea1.aspx,https://www.doc.govt.nz/link/352bc749033b4b1ea3f1e80ef4ada341.aspx,12/2/2025 8:40:50 AM,8462.61237509026
119506,Fowlers Pass Track,Fowlers Pass (1296 m) connects Fowlers Hut on Tophouse Road with Stanley Vale and Lake Guyon huts in the St James Conservation Area.,Expert,,Refer to DOC website for current alerts,https://www.doc.govt.nz/thumbs/large/link/016f5bba311b4ba099b4094b71641e0f.jpg,https://www.doc.govt.nz/link/b5fad048c2104327aa42afe64b2a5d2a.aspx,12/2/2025 8:40:50 AM,15362.9952137772
119507,Forest Road (Port FitzRoy - Whangaparapara),Discover a wide array of beautiful bush and mountain views.,,,Refer to DOC website for current alerts,https://www.doc.govt.nz/thumbs/large/link/6b9c546ea99b4561a8c39ed9136e9b47.aspx,https://www.doc.govt.nz/link/7355a707ba6f409fa50685da5841a1ef.aspx,12/2/2025 8:40:50 AM,13645.6835871987
119508,Flora Saddle to Barron Flat Track,This backcountry ride traverses through a variety of landscapes and terrains following a historic pack track.,Intermediate,1 day,Refer to DOC website for current alerts,https://www.doc.govt.nz/thumbs/large/link/88c899381f994f19ac284aba826cc247.aspx,https://www.doc.govt.nz/link/0d6fada4ecc94d819e021f886c94c855.aspx,12/2/2025 8:40:50 AM,27147.622253322
119509,Ewe Range Track ,The Ewe Range Track provides walking access to the northern end of Oteake Conservation Park.,Intermediate,,Refer to DOC website for current alerts,https://www.doc.govt.nz/thumbs/large/link/71a1da6716034dddb607c04e6bd7f6bb.jpg,https://www.doc.govt.nz/link/ac11c43bff7341f5a67aa1eadcd443b8.aspx,12/2/2025 8:40:50 AM,6444.06544182119
119510,Dry Creek Track,"Dry Creek Track provides great backcountry opportunities for short walks, tramping and mountain biking with access to the Dry Creek and Neinei i Kura Conservation areas.",Intermediate,,Refer to DOC website for current alerts,https://www.doc.govt.nz/thumbs/large/link/3e063d4cc217402e8a583ed8423eedd3.jpg,https://www.doc.govt.nz/link/23a42e2e167a445d916884d60332566e.aspx,12/2/2025 8:40:49 AM,8408.16153125689
119511,Dromedary Hill Track ,It is well worth the effort getting out the car and stretching your legs with a day hike up Dromedary Hill. ,Expert,3 - 4 hr,Refer to DOC website for current alerts,https://www.doc.govt.nz/thumbs/large/link/4acc23429bf34d0a98e5a9a3b5f0fbb3.aspx,https://www.doc.govt.nz/link/3a53e87e74914c02ae672dc34905b22e.aspx,12/2/2025 8:40:49 AM,4713.88965882721
119512,Deans Bank Track,This loop walking and mountain biking track meanders along the upper slopes of the Clutha river and offers spectacular views of surrounding peaks and Otago landscapes.,Intermediate,,Refer to DOC website for current alerts,https://www.doc.govt.nz/thumbs/large/link/4839bc194f834e9596942b1b1b5b31e4.jpg,https://www.doc.govt.nz/link/372c7510ea9f4c0ab6f13c279dab892a.aspx,12/2/2025 8:40:49 AM,11705.7406380401
119513,Croesus Track,Croesus Track is one of the finest surviving examples of a miners' track on the West Coast. Croesus Track is part of Paparoa Track and a premier mountain bike ride.,Advanced,,Refer to DOC website for current alerts,https://www.doc.govt.nz/thumbs/large/link/d7e61e5bc5c344a5bbafc9737ab9c29c.jpg,https://www.doc.govt.nz/link/ee4ff02945e54273b96b949984975dad.aspx,12/2/2025 8:40:49 AM,17638.5024450953
119514,Coromandel Walkway and mountain bike track,Walk or mountain bike between Fletcher Bay and Stony Bay. ,Expert,,Refer to DOC website for current alerts,https://www.doc.govt.nz/thumbs/large/link/cafec332a24042c7be62da53fc153dd0.jpg,https://www.doc.govt.nz/link/5d94a8f938154fd1ad508475ac07af4d.aspx,12/2/2025 8:40:49 AM,16526.4249284554
119515,Cloudy Peak Track,"The Cloudy Peak Track from its 1526 m high point, provides fantastic views of the Upper Clutha plains and peaks of the Lindis and St Bathans ranges.",Advanced,,Refer to DOC website for current alerts,https://www.doc.govt.nz/thumbs/large/link/80eee2b6d2cd441787e7b2daeab84aca.aspx,https://www.doc.govt.nz/link/bfcec559bfd8481884c912eb561c3f85.aspx,12/2/2025 8:40:49 AM,7228.87691621154
119516,Christchurch to Little River Rail Trail,The whole 46 km-long walkway and cycleway runs from Hornby in Christchurch to Little River on Banks Peninsula. The Motukārara to Little River section described here covers 20 km.,Easiest,,Refer to DOC website for current alerts,https://www.doc.govt.nz/thumbs/large/link/807c481aee95461a99dfdcf33ea5e63d.jpg,https://www.doc.govt.nz/link/c68bd6a5a00d4242940e21acec0afa20.aspx,12/2/2025 8:40:48 AM,22095.0236904602
119517,Butterfields Wetland Walk,"Situated near the Hāwea River Swing Bridge this small loop track around the Butterfields Wildlife Management Area is suitable for biking, running and walking. ",Easy,,Refer to DOC website for current alerts,https://www.doc.govt.nz/thumbs/large/link/8a8e7df42db742a8bbcc1a8152660195.jpg,https://www.doc.govt.nz/link/f0d1b69acfb445c2a764290f4547ca52.aspx,12/2/2025 8:40:48 AM,1100.99407221504
119518,Burtton's Track,Burtton's Track (Scotts Road to Mangahao Road) lies between Palmerston North and Shannon. This track is part of Te Araroa Trail.,Expert,4 - 6 hours,Refer to DOC website for current alerts,https://www.doc.govt.nz/thumbs/large/link/d85aba6e6b054d93acac57613d818276.aspx,https://www.doc.govt.nz/link/f73f8cf3e0ee4526ba6f454fc2b4dfad.aspx,12/2/2025 8:40:48 AM,13153.4274224194
119519,Braemar Road to Landslip Creek,A public access easement leads to Landslip Creek above Lake Pukaki. ,Easy,2 hr,Refer to DOC website for current alerts,https://www.doc.govt.nz/thumbs/large/link/d536e0003dd04ea89f9e45f8d52da917.aspx,https://www.doc.govt.nz/link/51c0cd2f73b448028639665f60d320d4.aspx,12/2/2025 8:40:48 AM,15835.9745462276
119520,Bob’s Cove Track and Nature Walk,"This short walk passes through native bush to reach a stunning cove on Lake Wakatipu, with an optional climb to Picnic Point – it's a great option for kids.",Easy,10 min one way,Refer to DOC website for current alerts,https://www.doc.govt.nz/thumbs/large/link/5ff160e8740d4672a3b6b3fc457aae58.aspx,https://www.doc.govt.nz/link/b5c9e0480f104685ad16cf7a9ea04047.aspx,12/2/2025 8:40:48 AM,6633.84065932666
119521,Bannockburn Sluicings,This vanished landscape is New Zealand’s own wild west: The Bannockburn Sluicings are the scarred landscapes of a short-lived goldmining era. ,Intermediate,,Refer to DOC website for current alerts,https://www.doc.govt.nz/thumbs/large/link/4ed29cf9a46e4741ba11259a02e90a0b.aspx,https://www.doc.govt.nz/link/7a1ebd3a6daf42ef9a4f5094d695b230.aspx,12/2/2025 8:40:48 AM,3424.53952418834
119522,Atleys Track,You can see many historic gold mining features from Atleys Track and there are superb views from the summit of Mt Dewar.,Intermediate,,Refer to DOC website for current alerts,https://www.doc.govt.nz/thumbs/large/link/66b9534269334403b6975c0382dcd786.jpg,https://www.doc.govt.nz/link/33d533b8ea714274bba20597ebe5fac5.aspx,12/2/2025 8:40:48 AM,3531.87151541482
119523,Poulter River Track,"Poulter River Track is the only mountain biking track in Arthur’s Pass National Park. It has great scenery, some challenges and a good hut for an overnight stay.","Easy, Intermediate",2-4 hr,Refer to DOC website for current alerts,https://www.doc.govt.nz/thumbs/large/link/b6c60a323e8c43cf9ccaf4b830171108.aspx,https://www.doc.govt.nz/link/751bbf7409fb48658568a0557b7363e1.aspx,12/2/2025 8:40:47 AM,20431.2880104798
119524,Archer Track,This walking and mountain biking track passes through native and pine forest from Penzance Bay to Elaine Bay.,"Easy, Intermediate, Advanced",,Refer to DOC website for current alerts,https://www.doc.govt.nz/thumbs/large/link/554583e8f9c445a0938fee32764137d6.jpg,https://www.doc.govt.nz/link/0cc3f8440f864ed8a6fec41394f0cd75.aspx,12/2/2025 8:40:47 AM,7757.58087182295
119525,Aratiatia Rapids Lookout Walk,Several times a day the gates at the Aratiatia dam are opened to release the full flow of the river - a spectacular sight from the lookout points. Stay safe and keep clear of the rapids at all times.,,45 min,Refer to DOC website for current alerts,https://www.doc.govt.nz/thumbs/large/link/03e0f7e1517f470e83d2e826f26832b6.jpg,https://www.doc.govt.nz/link/5a3f05c0d3584e6f81b8773d11017135.aspx,12/2/2025 8:40:47 AM,559.782709185833
119526,Aorere Goldfields Track,"Aorere Goldfields Track is a 3-hour loop, which gives you access to explore some of the more accessible gold-mining remnants.",Intermediate,3-4 hours ,Refer to DOC website for current alerts,https://www.doc.govt.nz/thumbs/large/link/f1ea0caf95344d1391400d10bb761de2.jpg,https://www.doc.govt.nz/link/c94b10d728904dbcbe638770e89c8fa2.aspx,12/2/2025 8:40:47 AM,5487.00064468164
119527,Ahuriri Valley Track,This track follows the Ahuriri River. Three huts on route provide several options.,Intermediate,,Refer to DOC website for current alerts,https://www.doc.govt.nz/thumbs/large/link/981e1fce972c45e0973eb1832ba8ff49.jpg,https://www.doc.govt.nz/link/12da3f7d7ce2433f86595d7cd0d74d9a.aspx,12/2/2025 8:40:42 AM,16481.6046630187
119528,Glenroy Water Race Track,"The track follows the historic Welshmen’s Water Race through several creeks, then steadily climbs to Ben Cruachan with good views of Lake Wakatipu, the Basin and Nevis Bluff. ",Intermediate,,Refer to DOC website for current alerts,https://www.doc.govt.nz/thumbs/large/link/ba4f68f3cd2544749ab65c44f75560bf.jpg,https://www.doc.govt.nz/link/35ecf558d5aa4a69b7f33c6e5c7a7eff.aspx,12/2/2025 8:40:50 AM,4895.49078281628
